projection_ratio,images,total_input_points,total_accepted_nodes,global_accepted_node_ratio,median_accepted_node_count,median_projection_distance_bbox_diag,median_skeleton_coverage_ratio,mean_skeleton_coverage_ratio,median_endpoint_node_recall,median_junction_node_recall,images_with_persistent_junction_reference,median_causal_node_fraction,mean_leave_one_out_coverage_drop,graph_success_rate,zero_point_control_coverage
0.01,40,266,97,0.36466165413533835,2.0,0.006051679448947578,0.48928729156471196,0.42353840701403095,0.3333333333333333,,0,1.0,0.18895799539248376,0.675,0.0
0.015,40,266,145,0.5451127819548872,4.0,0.007582429435126209,0.7826913974782829,0.6266278686815967,0.41428571428571426,,0,1.0,0.1964785969166242,0.9,0.0
0.02,40,266,199,0.7481203007518797,5.0,0.009549935521280209,0.9147890778286462,0.8526319124327664,0.6666666666666666,,0,0.9285714285714286,0.14217378767595898,0.975,0.0
0.025,40,266,227,0.8533834586466166,6.0,0.011018823095525954,0.9521569620711178,0.9271288475773275,0.7083333333333333,,0,0.8333333333333334,0.11087164283771818,1.0,0.0
0.03,40,266,244,0.9172932330827067,6.0,0.012551211536264116,0.9540313424751437,0.9449618359974931,0.75,,0,0.8166666666666667,0.09822469649070124,1.0,0.0
0.04,40,266,250,0.9398496240601504,6.0,0.012617215330313507,0.9540313424751437,0.9461782102664988,0.75,,0,0.8333333333333334,0.09204652429381185,1.0,0.0
0.05,40,266,256,0.9624060150375939,6.0,0.012714437131001292,0.9544542108944919,0.9486900105392501,0.75,,0,0.8166666666666667,0.08886118592121192,1.0,0.0
