projection_ratio,images,total_input_points,total_accepted_nodes,global_accepted_node_ratio,median_accepted_node_count,median_projection_distance_bbox_diag,median_skeleton_coverage_ratio,mean_skeleton_coverage_ratio,median_endpoint_node_recall,median_junction_node_recall,images_with_persistent_junction_reference,median_causal_node_fraction,mean_leave_one_out_coverage_drop,graph_success_rate,zero_point_control_coverage
0.01,40,169,76,0.44970414201183434,2.0,0.005295205403765624,0.37212026552128075,0.3941525074904645,0.3333333333333333,,0,0.5857142857142856,0.18392276937951427,0.525,0.0
0.015,40,169,106,0.6272189349112426,2.0,0.007702264196186966,0.7877324973876698,0.5828927791023356,0.5,,0,0.775,0.2603967031869879,0.75,0.0
0.02,40,169,134,0.7928994082840237,3.0,0.009988378103135572,0.8922275493269408,0.7544781583345314,0.6,,0,0.8452380952380952,0.3103666666905034,0.925,0.0
0.025,40,169,158,0.9349112426035503,3.0,0.011726000309700212,0.9625686813186813,0.8979653893057311,0.75,,0,0.8,0.22349599395918926,0.95,0.0
0.03,40,169,163,0.9644970414201184,4.0,0.011795982988358433,0.9630968952369424,0.9205034145802123,0.75,,0,0.8,0.22221226833112304,0.975,0.0
0.04,40,169,168,0.9940828402366864,4.0,0.011795982988358433,0.9678730605542709,0.961515131162264,0.75,,0,0.8,0.2411989049792072,1.0,0.0
0.05,40,169,169,1.0,4.0,0.011795982988358433,0.9678730605542709,0.961515131162264,0.75,,0,0.8,0.22475611890955544,1.0,0.0
