projection_ratio,images,total_input_points,total_accepted_nodes,global_accepted_node_ratio,median_accepted_node_count,median_projection_distance_bbox_diag,median_skeleton_coverage_ratio,mean_skeleton_coverage_ratio,median_endpoint_node_recall,median_junction_node_recall,images_with_persistent_junction_reference,median_causal_node_fraction,mean_leave_one_out_coverage_drop,graph_success_rate,zero_point_control_coverage
0.01,40,161,65,0.40372670807453415,1.0,0.006494117814308206,0.0,0.30289200808056144,0.25,,0,0.0,0.134233358964084,0.425,0.0
0.015,40,161,90,0.5590062111801242,2.0,0.007984847999701863,0.5837226640159046,0.5133808441845721,0.5,,0,1.0,0.2722762325887203,0.725,0.0
0.02,40,161,118,0.7329192546583851,3.0,0.01051175073931604,0.9223561345720555,0.7457925434775678,0.6,,0,1.0,0.36259254256465134,0.95,0.0
0.025,40,161,143,0.8881987577639752,3.0,0.012518844619576237,0.9625686813186813,0.9068256688347216,0.75,,0,1.0,0.27400564862401894,1.0,0.0
0.03,40,161,149,0.9254658385093167,3.0,0.012658454259674039,0.9635254988913525,0.9212142998763099,0.75,,0,1.0,0.25071672296804026,1.0,0.0
0.04,40,161,157,0.9751552795031055,4.0,0.01338825112723735,0.9690527065527066,0.9553909926795967,0.8,,0,0.8166666666666667,0.22968999316086655,1.0,0.0
0.05,40,161,160,0.9937888198757764,4.0,0.01338825112723735,0.9690527065527066,0.9611926804433099,0.8,,0,0.8166666666666667,0.22239804551858064,1.0,0.0
